captureTime,VLN_A,VLN_B,VLN_C,I_A,I_B,I_C,KW_A,KW_B,KW_C,KVAR_A,KVAR_B,KVAR_C,KWH,KVARH
2018/06/01-12:41:30.178,127.579,127.0481,127.5172,0,0,0,0,0,0,0,0,0,2.003274,7.61798
2018/06/01-12:41:31.366,127.7434,126.9161,127.5212,0,0,0,0,0,0,0,0,0,2.003274,7.61798
2018/06/01-12:41:32.632,127.5482,126.9825,127.6539,0,0,0,0,0,0,0,0,0,2.003274,7.61798
2018/06/01-12:41:33.725,127.513,126.8896,127.5975,0,0,0,0,0,0,0,0,0,2.003274,7.61798
2018/06/01-12:41:34.804,127.6555,126.9509,127.5716,0,0,0,0,0,0,0,0,0,2.003274,7.61798
2018/06/01-12:41:36.194,127.5413,126.9991,127.6211,0,0,0,0,0,0,0,0,0,2.003274,7.61798
2018/06/01-12:41:37.366,127.6364,126.857,127.5997,0,0,0,0,0,0,0,0,0,2.003274,7.61798
2018/06/01-12:41:38.632,127.5797,126.9248,127.5459,0,0,0,0,0,0,0,0,0,2.003274,7.61798
2018/06/01-12:41:39.726,127.6194,126.9408,127.6119,0,0,0,0,0,0,0,0,0,2.003274,7.61798
2018/06/01-12:41:40.804,127.689,126.9338,127.627,0,0,0,0,0,0,0,0,0,2.003274,7.61798
2018/06/01-12:41:42.179,127.563,126.9974,127.5753,0,0,0,0,0,0,0,0,0,2.003274,7.61798
2018/06/01-12:41:43.351,127.6819,126.8895,127.4857,0,0,0,0,0,0,0,0,0,2.003274,7.61798
2018/06/01-12:41:44.617,127.5577,126.9218,127.5865,0,0,0,0,0,0,0,0,0,2.003274,7.61798
2018/06/01-12:41:45.726,127.6169,126.9995,127.4809,0,0,0,0,0,0,0,0,0,2.003274,7.61798
2018/06/01-12:41:46.821,127.6469,127.0291,127.5721,0,0,0,0,0,0,0,0,0,2.003274,7.61798
2018/06/01-12:41:48.180,127.7088,127.0356,127.3671,0,0,0,0,0,0,0,0,0,2.003274,7.61798
2018/06/01-12:41:49.367,127.6287,126.9339,127.509,0,0,0,0,0,0,0,0,0,2.003274,7.61798
2018/06/01-12:41:50.634,127.7036,126.8766,127.4108,0,0,0,0,0,0,0,0,0,2.003274,7.61798
2018/06/01-12:41:51.727,127.691,126.876,127.6214,0,0,0,0,0,0,0,0,0,2.003274,7.61798
2018/06/01-12:41:52.805,127.6656,126.9008,127.6369,0,0,0,0,0,0,0,0,0,2.003274,7.61798
2018/06/01-12:41:54.181,127.65,127.0405,127.7243,1.232908,1.693819,1.233519,0.007489147,0.0002778004,0.009554944,-0.1572024,-0.2151834,-0.1572603,2.003279,7.618127
2018/06/01-12:41:55.368,127.5979,126.9453,127.6632,0.7878857,0,0.782781,0.01459763,0,0.06003078,-0.09946712,0,-0.07989222,2.0033,7.618177
2018/06/01-12:41:56.603,127.7788,127.0417,127.6421,0.700458,0,0.6918868,0.03438967,0,0.08551423,-0.08263329,0,-0.0220604,2.003333,7.618206
2018/06/01-12:41:57.759,127.6016,127.0788,127.5509,0.7307891,0,0.7221487,0.03816047,0,0.08954926,-0.08508418,0,-0.02157105,2.003369,7.618236
2018/06/01-12:41:58.869,127.6575,126.9376,127.77,0.6783099,0,0.6698591,0.03192806,0,0.08274034,-0.08049013,0,-0.0218936,2.003433,7.618293
2018/06/01-12:42:00.228,127.7591,126.9975,127.6859,0.6406286,0,0.6323028,0.02772882,0,0.07755763,-0.07700583,0,-0.02243089,2.003462,7.61832
2018/06/01-12:42:01.369,127.5812,126.9517,127.7148,0.6903294,0,0.6818922,0.03292597,0,0.08320131,-0.08168685,0,-0.02572569,2.003494,7.61835
2018/06/01-12:42:02.682,127.7088,127.0496,127.5435,0.7880481,0,0.7794248,0.04335919,0,0.09466432,-0.09082138,0,-0.03035009,2.003569,7.618417
2018/06/01-12:42:04.244,127.7669,126.9324,127.6939,0.7638773,0,0.7550002,0.0406163,0,0.09152825,-0.08874531,0,-0.03028623,2.003606,7.61845
2018/06/01-12:42:05.385,127.7146,126.9357,127.626,0.7286971,0,0.7202201,0.03666618,0,0.0868613,-0.08553791,0,-0.03006957,2.00364,7.618482
2018/06/01-12:42:06.698,127.8694,126.8967,127.6091,0.7310694,0,0.7227002,0.0370156,0,0.08712525,-0.08584066,0,-0.0302373,2.003675,7.618514
2018/06/01-12:42:07.760,127.8458,126.8577,127.7144,0.8814427,0,0.8722328,0.05407524,0,0.1061498,-0.09886672,0,0.03378518,2.00371,7.618547
2018/06/01-12:42:08.807,127.8458,126.8577,127.7144,0.8814427,0,0.8722328,0.05407524,0,0.1061498,-0.09886672,0,0.03378518,2.003755,7.618565
2018/06/01-12:42:09.807,127.6728,126.9262,127.7245,0.9319891,0,0.9227728,0.06026667,0,0.1130419,-0.1025986,0,0.03335679,2.003803,7.618584
2018/06/01-12:42:10.823,127.6381,126.9672,127.6567,0.8874071,0,0.87826,0.05595991,0,0.1084744,-0.09847786,0,0.02834166,2.003895,7.618623
2018/06/01-12:42:12.261,127.6666,126.9714,127.7393,0.9333066,0,0.9240031,0.06034353,0,0.1131819,-0.1027418,0,0.03348546,2.003943,7.618642
2018/06/01-12:42:13.464,127.6792,126.8161,127.7543,0.9626601,0,0.9534733,0.06350246,0,0.1167905,-0.1052365,0,0.03460855,2.004042,7.618681
2018/06/01-12:42:14.995,127.7297,126.8851,127.5408,0.9489704,0,0.9399137,0.06212978,0,0.114915,-0.1040777,0,0.03413392,2.004091,7.618701
2018/06/01-12:42:16.277,127.6886,126.7641,127.6242,0.9546133,0,0.9451401,0.06276833,0,0.1156742,-0.1044897,0,0.03419555,2.004141,7.61872
2018/06/01-12:42:17.355,127.6892,126.7925,127.6873,0.9599314,0,0.9504008,0.06327577,0,0.1163509,-0.1049776,0,0.03448602,2.00419,7.61874
2018/06/01-12:42:18.652,127.7792,126.8384,127.6258,0.955856,0,0.9467095,0.0629275,0,0.11588,-0.1046802,0,0.03421117,2.00424,7.618759
2018/06/01-12:42:19.762,127.7593,126.7501,127.6876,0.952185,0,0.9426759,0.06257161,0,0.1154372,-0.1043247,0,0.03409851,2.00429,7.618779
2018/06/01-12:42:20.824,127.8392,126.8624,127.8044,0.9495911,0,0.940329,0.06229309,0,0.1152541,-0.1041936,0,0.03404808,2.004388,7.618817
2018/06/01-12:42:22.277,127.6289,126.7667,127.8133,0.8807734,0,0.8715683,0.05398931,0,0.1064229,-0.09859843,0,0.03291937,2.004433,7.618835
2018/06/01-12:42:23.481,127.5247,126.9943,127.6134,0.8487399,0,0.8398213,0.05035571,0,0.1025157,-0.09580807,0,0.03124826,2.004518,7.618871
2018/06/01-12:42:24.965,127.6147,126.8347,127.5658,0.859355,0,0.8499207,0.05165006,0,0.1037526,-0.09674179,0,0.03147146,2.004561,7.618889
2018/06/01-12:42:26.262,127.5897,126.8428,127.5791,0.9657966,0,0.9564226,0.06341115,0,0.1169311,-0.1056579,0,0.03486953,2.004611,7.618909
2018/06/01-12:42:27.450,127.7035,126.7222,127.5913,0.8143309,0,0.8052945,0.04632384,0,0.09789137,-0.09310547,0,0.03121787,2.004705,7.618947
2018/06/01-12:42:29.013,127.7393,126.7856,127.64,0.8183906,0,0.8094653,0.04688459,0,0.0986966,-0.09343754,0,0.03056204,2.004746,7.618965
2018/06/01-12:42:30.216,127.6597,126.9167,127.517,0.8285928,0,0.8196101,0.04802384,0,0.0998404,-0.09424791,0,0.03090491,2.004787,7.618982
2018/06/01-12:42:31.356,127.7168,126.7138,127.5494,0.8226247,0,0.813503,0.04746963,0,0.09914466,-0.09372766,0,0.03060808,2.004827,7.618999
2018/06/01-12:42:32.654,127.5904,126.7508,127.576,0.8207797,0,0.8117542,0.047163,0,0.09893327,-0.09350231,0,0.0306098,2.004868,7.619017
2018/06/01-12:42:33.747,127.7603,126.7963,127.5391,0.8173782,0,0.8086753,0.04684656,0,0.09847952,-0.09333115,0,0.03064603,2.004909,7.619035
2018/06/01-12:42:34.810,127.6518,126.6786,127.4774,0.8225423,0,0.8135109,0.04748035,0,0.09906647,-0.09365047,0,0.03066602,2.00499,7.61907
2018/06/01-12:42:36.216,127.5955,126.827,127.4468,0.8325566,0,0.8238367,0.04852277,0,0.100273,-0.09450106,0,0.0311342,2.005031,7.619087
2018/06/01-12:42:37.357,127.5402,126.8155,127.5927,0.8304933,0,0.82139,0.04824203,0,0.1001246,-0.09429757,0,0.03096485,2.005072,7.619104
2018/06/01-12:42:38.654,127.6724,126.7387,127.5225,0.8144707,0,0.8053054,0.04640694,0,0.09798995,-0.09305571,0,0.03072691,2.005112,7.619122
2018/06/01-12:42:39.748,127.5671,126.938,127.6088,0.7908461,0,0.7820883,0.04410877,0,0.09586346,-0.09073251,0,0.02775786,2.005151,7.619139
2018/06/01-12:42:40.810,127.5502,126.7574,127.4313,0.7560004,0,0.7470652,0.04088155,0,0.09205556,-0.08733299,0,-0.02426351,2.005188,7.61917
2018/06/01-12:42:41.811,127.5509,126.7164,127.5044,0.7935304,0,0.7845563,0.04429219,0,0.09574054,-0.09100983,0,-0.02899359,2.005227,7.619204
2018/06/01-12:42:42.811,127.6255,126.8246,127.5803,0.8141159,0,0.8052691,0.04631044,0,0.09801783,-0.09301048,0,-0.030778,2.005267,7.619238
2018/06/01-12:42:43.811,127.645,126.7486,127.5996,0.8163195,0,0.807345,0.04662653,0,0.09830178,-0.09318485,0,-0.03080977,2.005348,7.619307
2018/06/01-12:42:44.999,127.6052,126.8391,127.4971,0.8149012,0,0.8060772,0.04643486,0,0.09805415,-0.09304202,0,-0.03078275,2.005388,7.619341
2018/06/01-12:42:46.218,127.6804,126.7809,127.5212,0.815982,0,0.8069763,0.0466433,0,0.09818567,-0.09316063,0,-0.03081146,2.005428,7.619376
2018/06/01-12:42:47.343,127.5597,126.7872,127.6021,0.8129585,0,0.8039511,0.04620394,0,0.0978723,-0.09283876,0,-0.03073865,2.005468,7.61941
2018/06/01-12:42:48.655,127.7611,126.8172,127.5674,0.8190047,0,0.8101248,0.04698542,0,0.09860663,-0.09349474,0,-0.03093585,2.005509,7.619444
2018/06/01-12:42:49.749,127.4921,126.7795,127.6124,0.8309373,0,0.8218662,0.04824953,0,0.1000945,-0.09431242,0,-0.03132056,2.00555,7.619479
2018/06/01-12:42:50.812,127.5659,126.7472,127.5582,0.8100781,0,0.8012025,0.04600804,0,0.09760328,-0.09253146,0,-0.0303056,2.00563,7.619547
2018/06/01-12:42:52.218,127.4925,126.7101,127.5931,0.8020932,0,0.7930764,0.04508707,0,0.09661676,-0.09178472,0,-0.03008058,2.005669,7.619581
2018/06/01-12:42:53.359,127.5314,126.6835,127.4883,0.8012162,0,0.7922283,0.04503671,0,0.09641407,-0.09171961,0,-0.03008824,2.005708,7.619615
2018/06/01-12:42:54.656,127.581,126.7722,127.5787,0.8060009,0,0.7972177,0.04557192,0,0.0970923,-0.09218077,0,-0.03029184,2.005748,7.619649
2018/06/01-12:42:55.750,127.408,126.7391,127.3962,0.8016608,0,0.7926612,0.04506109,0,0.09637397,-0.09166058,0,-0.03015686,2.005787,7.619683
2018/06/01-12:42:56.828,127.4798,126.8051,127.4985,0.8026737,0,0.7938577,0.04508884,0,0.09658927,-0.09185496,0,-0.03025096,2.005866,7.61975
2018/06/01-12:42:58.219,127.5688,126.7172,127.4506,0.7982199,0,0.7892358,0.0446202,0,0.09596555,-0.09153124,0,-0.03014431,2.005905,7.619784
2018/06/01-12:42:59.328,127.5508,126.7446,127.5439,0.811762,0,0.8027938,0.04617681,0,0.0978152,-0.09267368,0,-0.03026868,2.005945,7.619819
2018/06/01-12:43:00.657,127.6752,126.8106,127.4238,0.7984435,0,0.7896245,0.0446929,0,0.09599589,-0.09162203,0,-0.03014228,2.005984,7.619853
2018/06/01-12:43:01.750,127.6844,126.6617,127.6071,0.8040369,0,0.7951483,0.04540804,0,0.09689092,-0.09207489,0,-0.03012668,2.006063,7.61992
2018/06/01-12:43:03.188,127.7524,126.7397,127.4756,0.8031318,0,0.7943044,0.04535008,0,0.09665219,-0.09203559,0,-0.03017975,2.006102,7.619954
2018/06/01-12:43:04.235,127.5633,126.6704,127.7057,0.8009078,0,0.7918797,0.04501997,0,0.09654842,-0.09171247,0,-0.03008629,2.006142,7.619988
2018/06/01-12:43:05.360,127.666,126.7075,127.6271,0.8004101,0,0.7914162,0.04499565,0,0.09642992,-0.0917453,0,-0.0300584,2.006181,7.620021
2018/06/01-12:43:06.657,127.598,126.8516,127.554,0.8011317,0,0.7923663,0.04495862,0,0.09644401,-0.09180532,0,-0.03022584,2.00622,7.620055
2018/06/01-12:43:07.751,127.5516,126.8342,127.5122,0.8004267,0,0.7914129,0.04481876,0,0.09628045,-0.09173225,0,-0.03023034,2.006259,7.620089
2018/06/01-12:43:08.829,127.8431,126.8259,127.6634,0.8006192,0,0.7918863,0.04499005,0,0.09652757,-0.0919356,0,-0.03004333,2.006338,7.620157
2018/06/01-12:43:10.220,127.6464,126.6983,127.6323,0.8039634,0,0.7950028,0.04539426,0,0.09688903,-0.0920372,0,-0.03013755,2.006377,7.620191
2018/06/01-12:43:11.361,127.8066,126.6963,127.7223,0.8031758,0,0.7942768,0.04538482,0,0.09687932,-0.09207325,0,-0.03009765,2.006417,7.620225
2018/06/01-12:43:12.658,127.5299,126.8107,127.5789,0.8039501,0,0.7948841,0.04533868,0,0.09683899,-0.09195831,0,-0.03010458,2.006496,7.620293
2018/06/01-12:43:14.205,127.438,126.8771,127.5682,0.8003027,0,0.7912625,0.04472468,0,0.09633072,-0.09165941,0,-0.03015405,2.006536,7.620327
2018/06/01-12:43:15.361,127.7225,126.9349,127.4856,0.8012162,0,0.7923955,0.04499663,0,0.09642269,-0.09190981,0,-0.03012481,2.006575,7.62036
2018/06/01-12:43:16.658,127.7444,126.771,127.61,0.7995487,0,0.7906908,0.04489699,0,0.09634303,-0.09174095,0,-0.02998073,2.006653,7.620428
2018/06/01-12:43:18.205,127.7309,126.8242,127.5228,0.805348,0,0.7964998,0.04558895,0,0.0969868,-0.09221411,0,-0.03017304,2.006693,7.620462
2018/06/01-12:43:19.361,127.6287,126.8745,127.7712,0.8034634,0,0.7945837,0.04523908,0,0.09694155,-0.09202664,0,-0.03016029,2.006732,7.620496
2018/06/01-12:43:20.659,127.6702,126.8616,127.6318,0.8032718,0,0.7944996,0.04524285,0,0.09681953,-0.0920347,0,-0.03014352,2.006812,7.620564
2018/06/01-12:43:22.221,127.3924,126.9143,127.5643,0.8035559,0,0.7946443,0.0450991,0,0.09674349,-0.09189694,0,-0.03026904,2.006851,7.620598
2018/06/01-12:43:23.362,127.698,126.842,127.5232,0.8010628,0,0.7922513,0.04499469,0,0.09645471,-0.09186708,0,-0.03006062,2.006891,7.620632
2018/06/01-12:43:24.659,127.6271,126.7843,127.4765,0.802938,0,0.7939827,0.04525306,0,0.09664924,-0.09194361,0,-0.03005365,2.006969,7.620699
2018/06/01-12:43:26.206,127.6871,126.7605,127.4911,0.8052601,0,0.7963963,0.04551753,0,0.09694114,-0.09219746,0,-0.03019023,2.007009,7.620733
2018/06/01-12:43:27.362,127.64,126.9176,127.5534,0.8067645,0,0.7981035,0.04560114,0,0.09715696,-0.09232809,0,-0.03039632,2.007049,7.620768
2018/06/01-12:43:28.660,127.5558,126.7954,127.6851,0.8018384,0,0.7930324,0.04501696,0,0.09666191,-0.09183955,0,-0.03016184,2.007128,7.620835
2018/06/01-12:43:30.207,127.589,126.9318,127.5434,0.8031488,0,0.794493,0.04520664,0,0.09670987,-0.09196234,0,-0.03025637,2.007167,7.620869
2018/06/01-12:43:31.347,127.5364,126.7938,127.6858,0.8041989,0,0.7951942,0.04528824,0,0.09693699,-0.0920243,0,-0.03020889,2.007206,7.620903
2018/06/01-12:43:32.660,127.5898,126.9154,127.6355,0.8039736,0,0.7952907,0.04520395,0,0.09688926,-0.0920816,0,-0.03026896,2.007285,7.620971
2018/06/01-12:43:34.207,127.5956,126.8301,127.7276,0.8049643,0,0.7961344,0.04534142,0,0.09708897,-0.09216006,0,-0.03023662,2.007325,7.621005
2018/06/01-12:43:35.363,127.5348,126.8648,127.5955,0.8052749,0,0.7964862,0.04538574,0,0.09702179,-0.09212784,0,-0.03024959,2.007364,7.621039
2018/06/01-12:43:36.660,127.4792,126.8359,127.6947,0.8354421,0,0.8263926,0.04876028,0,0.1007809,-0.0946837,0,-0.03128818,2.007446,7.621108
2018/06/01-12:43:38.223,127.7304,126.8712,127.5652,0.801199,0,0.7924818,0.0449843,0,0.09647326,-0.09192046,0,-0.03021132,2.007486,7.621142
2018/06/01-12:43:39.364,127.5457,126.9893,127.5929,0.8051569,0,0.7965184,0.04531045,0,0.09696271,-0.09215789,0,-0.03044516,2.007525,7.621176
2018/06/01-12:43:40.661,127.6258,126.9223,127.6474,0.8031647,0,0.7944575,0.04509604,0,0.09679943,-0.0920518,0,-0.03023159,2.007604,7.621244
2018/06/01-12:43:42.208,127.6712,126.9216,127.669,0.8094105,0,0.8007883,0.04580481,0,0.09759188,-0.09263232,0,-0.03046289,2.007644,7.621278
2018/06/01-12:43:43.348,127.5775,126.8277,127.5932,0.8070992,0,0.7982443,0.04557173,0,0.09722954,-0.09233397,0,-0.03033073,2.007684,7.621312
2018/06/01-12:43:44.661,127.6718,126.9052,127.5737,0.8063979,0,0.7976815,0.04543216,0,0.09708173,-0.09238777,0,-0.03051045,2.007763,7.62138
2018/06/01-12:43:46.208,127.7103,126.8752,127.654,0.8211715,0,0.8123258,0.04723361,0,0.09909311,-0.09363297,0,-0.03055392,2.007803,7.621415
2018/06/01-12:43:47.364,127.699,126.9023,127.7987,0.8176725,0,0.8089553,0.04674623,0,0.09880862,-0.09336749,0,-0.03041369,2.007844,7.621449
2018/06/01-12:43:48.662,127.9317,126.9025,127.7062,0.8143097,0,0.8056129,0.04643838,0,0.09826349,-0.09325304,0,-0.03047864,2.007884,7.621483
2018/06/01-12:43:49.756,127.6453,126.984,127.8602,0.8086477,0,0.7999628,0.04554019,0,0.09762575,-0.09263087,0,-0.03051417,2.007924,7.621518
2018/06/01-12:43:50.834,127.7755,127.0484,127.6939,0.8111406,0,0.8024622,0.04591266,0,0.09776778,-0.09291978,0,-0.03068334,2.008004,7.621586
2018/06/01-12:43:52.225,127.5885,127.0189,127.8564,0.8196967,0,0.8108861,0.04669037,0,0.09886742,-0.09358309,0,-0.03121134,2.008044,7.621621
2018/06/01-12:43:53.349,127.7943,126.9332,127.7695,0.8103383,0,0.8015164,0.04576745,0,0.09767349,-0.09289411,0,-0.03078254,2.008084,7.621655
2018/06/01-12:43:54.537,127.7465,127.0113,127.768,0.8079565,0,0.7993284,0.04545399,0,0.09735273,-0.09266602,0,-0.03086584,2.008124,7.621689
2018/06/01-12:43:55.741,127.6813,126.9919,127.6715,0.8179861,0,0.8092766,0.04662886,0,0.09853139,-0.09345466,0,-0.03109522,2.008164,7.621724
2018/06/01-12:43:56.819,127.7904,126.9032,127.8191,0.8071994,0,0.7985653,0.04538499,0,0.09733377,-0.09263151,0,-0.03073784,2.008245,7.621793
2018/06/01-12:43:58.241,127.5758,126.9252,127.628,0.8085282,0,0.7998388,0.04552995,0,0.09731223,-0.09255624,0,-0.03083885,2.008285,7.621828
2018/06/01-12:43:59.350,127.5528,126.9087,127.5947,0.8127655,0,0.804055,0.04605252,0,0.09780701,-0.09288021,0,-0.03097,2.008325,7.621862
2018/06/01-12:44:00.663,127.6026,126.9516,127.685,0.809896,0,0.8012113,0.04568466,0,0.09755594,-0.0926988,0,-0.03080054,2.008404,7.621931
2018/06/01-12:44:02.210,127.3056,126.916,127.6243,0.8032086,0,0.7944388,0.04482871,0,0.09662551,-0.09190243,0,-0.0307146,2.008444,7.621964
2018/06/01-12:44:03.351,127.5652,126.934,127.5575,0.8157677,0,0.8070425,0.0464019,0,0.09815904,-0.09314549,0,-0.03102167,2.008484,7.621999
2018/06/01-12:44:04.647,127.4275,126.9068,127.684,0.80462,0,0.795912,0.04504333,0,0.09690347,-0.09210672,0,-0.03061718,2.008523,7.622033
2018/06/01-12:44:05.757,127.6051,126.9205,127.5487,0.8038641,0,0.7951249,0.0450636,0,0.09665785,-0.09214853,0,-0.03070334,2.008563,7.622067
2018/06/01-12:44:06.820,127.6969,127.0207,127.7905,0.8498743,0,0.8409981,0.05043762,0,0.1028088,-0.09609371,0,-0.03131261,2.008646,7.622137
2018/06/01-12:44:08.211,127.6938,126.9659,127.71,0.8522359,0,0.8433852,0.05077385,0,0.1030371,-0.09625459,0,0.03137725,2.008688,7.622155
2018/06/01-12:44:09.351,127.7469,126.9372,127.8701,0.8498476,0,0.8409905,0.05046003,0,0.1028893,-0.09612612,0,0.03127478,2.008731,7.622173
2018/06/01-12:44:10.664,127.7763,126.8989,127.821,0.803809,0,0.7952559,0.04505023,0,0.09693957,-0.09230034,0,0.03058638,2.008811,7.622208
2018/06/01-12:44:12.211,127.5255,126.8837,127.8304,0.804776,0,0.7960999,0.04505918,0,0.09703085,-0.09220888,0,0.03068029,2.008851,7.622225
2018/06/01-12:44:13.367,127.6307,126.8465,127.6851,0.8039869,0,0.795294,0.04511745,0,0.09684578,-0.09216247,0,0.03054064,2.00889,7.622242
2018/06/01-12:44:14.664,127.7511,126.8946,127.6925,0.8164551,0,0.8076975,0.04650456,0,0.09840152,-0.09336195,0,0.03089285,2.00897,7.622276
2018/06/01-12:44:16.211,127.6774,126.9366,127.6406,0.8083217,0,0.7995713,0.04552335,0,0.09734145,-0.09262168,0,0.03066637,2.009009,7.622293
2018/06/01-12:44:17.352,127.6933,126.9686,127.7168,0.8033624,0,0.7946784,0.04491965,0,0.09676095,-0.09222636,0,0.03063188,2.009049,7.622311
2018/06/01-12:44:18.665,127.632,127.0193,127.928,0.8057489,0,0.7971039,0.04506742,0,0.09721193,-0.09243836,0,0.03079145,2.009128,7.622345
2018/06/01-12:44:20.212,127.7837,127.0072,127.7983,0.8053302,0,0.7966279,0.04518703,0,0.09706683,-0.09245645,0,0.03070576,2.009167,7.622362
2018/06/01-12:44:21.352,127.7754,127.0299,127.9158,0.8064157,0,0.7977682,0.04522054,0,0.09728637,-0.09258707,0,0.03080565,2.009207,7.622379
2018/06/01-12:44:22.665,127.6634,127.0142,127.9811,0.8078386,0,0.7991008,0.04540743,0,0.09754772,-0.0925973,0,0.03071747,2.009247,7.622396
2018/06/01-12:44:23.743,127.7424,126.9502,127.8764,0.8071461,0,0.7983751,0.04538208,0,0.09735157,-0.09258221,0,0.03075253,2.009286,7.622413
2018/06/01-12:44:24.806,127.7393,126.9865,127.8368,0.8104346,0,0.8016732,0.04583417,0,0.09777749,-0.09282525,0,0.03069854,2.009366,7.622447
2018/06/01-12:44:26.213,127.9963,126.9728,127.7805,0.8064606,0,0.7977214,0.04541649,0,0.09717816,-0.0926959,0,0.03076994,2.009405,7.622465
2018/06/01-12:44:27.369,127.7123,127.0211,127.7627,0.8094701,0,0.8008494,0.04561057,0,0.09753843,-0.09277369,0,0.03090896,2.009445,7.622482
2018/06/01-12:44:28.666,127.7253,127.0089,127.8056,0.8077893,0,0.7991176,0.04542691,0,0.09739284,-0.09263644,0,0.03074929,2.009524,7.622516
2018/06/01-12:44:30.213,127.8897,127.1059,127.8305,0.8089352,0,0.8003303,0.04556149,0,0.09755313,-0.09288151,0,0.03082251,2.009564,7.622534
2018/06/01-12:44:31.369,127.7415,127.049,127.8674,0.8102133,0,0.8015088,0.04568224,0,0.09775984,-0.0928705,0,0.03076626,2.009604,7.622551
2018/06/01-12:44:32.650,127.7415,127.0626,127.7192,0.8052015,0,0.7965578,0.04516869,0,0.09697101,-0.09240931,0,0.03076968,2.009683,7.622585
2018/06/01-12:44:34.213,127.7542,127.0421,127.855,0.804104,0,0.7954081,0.04502574,0,0.09694564,-0.09233444,0,0.03072145,2.009722,7.622602
2018/06/01-12:44:35.354,127.6688,126.9715,127.6129,0.8084822,0,0.799745,0.04558793,0,0.09727997,-0.09260497,0,0.03086092,2.009762,7.622619
2018/06/01-12:44:36.651,127.6417,127.0228,127.8883,0.8102192,0,0.801604,0.04564146,0,0.09772892,-0.09280135,0,0.03096032,2.009842,7.622653
2018/06/01-12:44:38.214,127.843,127.0042,127.8196,0.8112087,0,0.8025458,0.04591738,0,0.09781099,-0.09298825,0,0.03091747,2.009881,7.622671
2018/06/01-12:44:39.370,127.6329,127.0328,127.8053,0.8083836,0,0.7998056,0.04548263,0,0.09752357,-0.09261037,0,0.03062616,2.009921,7.622688
2018/06/01-12:44:40.667,127.7245,126.9277,127.725,0.8139534,0,0.805241,0.04621954,0,0.09807589,-0.09312256,0,0.0309696,2.010001,7.622723
2018/06/01-12:44:42.214,127.6312,127.0117,127.7765,0.8119965,0,0.8033566,0.04592768,0,0.09793049,-0.09290367,0,0.03076785,2.010041,7.62274
2018/06/01-12:44:43.355,127.5813,126.9143,127.5876,0.8090562,0,0.8003826,0.04563773,0,0.09741503,-0.0925832,0,0.03063629,2.010081,7.622757
2018/06/01-12:44:44.652,127.5725,126.9913,127.5232,0.8092451,0,0.8005956,0.04568354,0,0.09739451,-0.0925796,0,0.03062037,2.01016,7.622791
2018/06/01-12:44:46.215,127.5283,126.9584,127.4859,0.8085567,0,0.7998623,0.04561812,0,0.09727225,-0.09247403,0,0.03059791,2.0102,7.622808
2018/06/01-12:44:47.371,127.5136,126.9749,127.4517,0.8090923,0,0.8004578,0.04568844,0,0.09733905,-0.09250226,0,0.03054727,2.01024,7.622826
2018/06/01-12:44:48.668,127.5459,126.9548,127.414,2.056777,2.833725,2.050789,0.07048637,-0.007367937,0.1025948,-0.2526866,-0.3596795,0.2403155,2.010286,7.622929
2018/06/01-12:44:49.746,127.5692,126.9024,127.5141,3.230435,0,3.218232,0.2424345,0,0.2913314,-0.3332495,0,0.2890147,2.010434,7.622941
2018/06/01-12:44:50.824,127.8153,126.8537,127.661,1.68978,0,1.674528,0.1446722,0,0.1958591,-0.1603657,0,0.08566018,2.010628,7.62298
2018/06/01-12:44:52.247,127.5985,126.893,127.7445,1.658449,0,1.643214,0.140836,0,0.1925107,-0.1579441,0,0.08368061,2.01072,7.623001
2018/06/01-12:44:53.403,127.864,126.8606,127.6619,1.662489,0,1.647201,0.1419858,0,0.1931954,-0.1581995,0,0.08303758,2.010813,7.623022
2018/06/01-12:44:54.591,127.7486,126.8475,127.7211,1.677001,0,1.661673,0.1432695,0,0.1949323,-0.1592803,0,0.08392407,2.010907,7.623043
2018/06/01-12:44:55.763,127.6919,126.8894,127.6205,1.671565,0,1.656355,0.1424847,0,0.1941641,-0.1589247,0,0.08356921,2.011094,7.623085
2018/06/01-12:44:56.966,127.707,126.9067,127.7151,1.664918,0,1.649646,0.1417084,0,0.1934837,-0.1585141,0,0.0833793,2.011188,7.623106
2018/06/01-12:44:58.263,127.6782,126.8137,127.6017,1.661225,0,1.645862,0.1413915,0,0.1930269,-0.1581006,0,0.08274525,2.01128,7.623126
2018/06/01-12:44:59.435,127.6969,126.9027,127.6629,1.657531,0,1.642323,0.1408716,0,0.192556,-0.157974,0,0.08295207,2.011373,7.623147
2018/06/01-12:45:00.591,127.6267,126.8847,127.5618,1.676913,0,1.66168,0.1428289,0,0.1946952,-0.1593863,0,0.08380775,2.011467,7.623168
2018/06/01-12:45:01.763,127.6064,126.9472,127.6505,1.702372,0,1.687086,0.1454397,0,0.1977935,-0.1613622,0,0.08518527,2.011656,7.62321
2018/06/01-12:45:02.935,127.7823,126.8324,127.604,1.688465,0,1.673194,0.1444713,0,0.1963202,-0.1602457,0,0.08392445,2.01175,7.623231
2018/06/01-12:45:04.248,127.6299,126.8164,127.65,1.687099,0,1.671608,0.1440591,0,0.1962715,-0.1600359,0,0.08371901,2.011845,7.623252
2018/06/01-12:45:05.404,127.6875,126.8732,127.5981,1.691156,0,1.675875,0.1444534,0,0.1964885,-0.1605089,0,0.08437509,2.01194,7.623274
2018/06/01-12:45:06.592,127.6311,126.8533,127.4791,1.696139,0,1.680768,0.1449845,0,0.1969413,-0.1607581,0,0.0843961,2.012034,7.623295
2018/06/01-12:45:07.764,127.5724,126.8421,127.5404,1.659806,0,1.644642,0.1408735,0,0.1928144,-0.1580848,0,0.0825901,2.012127,7.623316
2018/06/01-12:45:08.920,127.4791,126.902,127.6606,1.670393,0,1.655201,0.1416849,0,0.1940666,-0.1589621,0,0.08359156,2.012313,7.623357
2018/06/01-12:45:10.248,127.5466,126.8146,127.5198,1.646985,0,1.63143,0.13931,0,0.1912036,-0.1572291,0,0.08198555,2.012405,7.623378
2018/06/01-12:45:11.405,127.5564,126.8509,127.5094,1.648546,0,1.633169,0.1396148,0,0.1915375,-0.1572465,0,0.08172566,2.012497,7.623399
2018/06/01-12:45:12.577,127.62,126.8669,127.5282,1.646721,0,1.631462,0.1393358,0,0.1911842,-0.1573228,0,0.08207608,2.012589,7.62342
2018/06/01-12:45:13.764,127.6894,126.8184,127.5892,1.652571,0,1.637349,0.140128,0,0.19205,-0.1577714,0,0.08221533,2.012681,7.623441
2018/06/01-12:45:14.811,127.6582,126.8457,127.5351,1.64724,0,1.632077,0.139393,0,0.1913231,-0.1574447,0,0.08197965,2.012865,7.623483
2018/06/01-12:45:16.249,127.8279,126.747,127.589,1.651124,0,1.635608,0.1403503,0,0.1920568,-0.1576325,0,0.08163221,2.012957,7.623504
2018/06/01-12:45:17.390,127.5688,126.8948,127.6946,1.666825,0,1.65153,0.1412991,0,0.1938224,-0.1588966,0,0.08311506,2.01305,7.623525
2018/06/01-12:45:18.593,127.7706,126.9317,127.6571,1.645684,0,1.630458,0.1394535,0,0.1914649,-0.1573729,0,0.08162837,2.013142,7.623546
2018/06/01-12:45:19.765,127.723,126.9717,127.6233,1.646681,0,1.631361,0.1393484,0,0.191487,-0.1575314,0,0.08173026,2.013234,7.623567
2018/06/01-12:45:20.812,127.6003,126.978,127.6184,1.646945,0,1.6318,0.1390842,0,0.1915074,-0.1575401,0,0.08180485,2.013418,7.623609
2018/06/01-12:45:22.234,127.7477,126.9336,127.6818,1.788583,0,1.773287,0.1503712,0,0.2021278,-0.1720319,0,0.1020234,2.013516,7.623629
2018/06/01-12:45:23.375,127.7336,126.9488,127.5565,1.877601,0,1.862383,0.1576952,0,0.2088987,-0.1806986,0,0.1131178,2.013618,7.623647
2018/06/01-12:45:24.609,127.843,126.973,127.7384,1.721912,0,1.70647,0.1462272,0,0.1983587,-0.16455,0,0.09038747,2.013714,7.623668
2018/06/01-12:45:25.766,127.8805,126.7622,127.7212,1.858986,0,1.843466,0.1581218,0,0.2097006,-0.1775166,0,0.1070617,2.013915,7.623707
2018/06/01-12:45:26.938,127.6286,126.8709,127.7213,1.852365,0,1.837165,0.1570151,0,0.2091242,-0.1767433,0,0.1064206,2.014017,7.623727
2018/06/01-12:45:28.266,127.7979,126.7867,127.6785,1.805636,0,1.789904,0.1540265,0,0.2058101,-0.1718265,0,0.09934365,2.014117,7.623747
2018/06/01-12:45:29.438,127.5331,126.7723,127.6289,1.787314,0,1.771627,0.1519288,0,0.204266,-0.1699264,0,0.09696139,2.014216,7.623767
2018/06/01-12:45:30.594,127.6263,126.8441,127.5552,1.789545,0,1.774125,0.152025,0,0.2041827,-0.1704459,0,0.09757333,2.014315,7.623787
2018/06/01-12:45:31.766,127.631,126.7527,127.6258,1.796799,0,1.780994,0.1528323,0,0.2050574,-0.1709775,0,0.09806661,2.014414,7.623807
2018/06/01-12:45:32.829,127.7291,126.8155,127.4979,1.764735,0,1.749192,0.1502322,0,0.2023687,-0.1680447,0,0.09372327,2.014611,7.623848
2018/06/01-12:45:34.267,127.6431,126.7208,127.6649,1.770098,0,1.75433,0.1506533,0,0.2031913,-0.1683829,0,0.09420308,2.014709,7.623869
2018/06/01-12:45:35.423,127.6853,126.6507,127.5408,1.767645,0,1.751903,0.150558,0,0.2027645,-0.1681482,0,0.09386988,2.014808,7.623889
2018/06/01-12:45:36.595,127.6686,126.7626,127.6236,1.771935,0,1.756568,0.1507165,0,0.2032306,-0.1687015,0,0.0946248,2.014906,7.62391
2018/06/01-12:45:37.767,127.6422,126.6147,127.4792,1.801186,0,1.785311,0.1538111,0,0.2060893,-0.1708787,0,0.09656304,2.015005,7.623931
2018/06/01-12:45:38.798,127.6846,126.7254,127.6046,1.796587,0,1.781173,0.1532287,0,0.2056946,-0.1707152,0,0.09668802,2.015205,7.623972
2018/06/01-12:45:40.251,127.5444,126.6492,127.5116,1.777428,0,1.761657,0.1510381,0,0.2034354,-0.1690588,0,0.09525462,2.015303,7.623992
2018/06/01-12:45:41.408,127.684,126.6035,127.5026,1.775436,0,1.759609,0.1512454,0,0.2033502,-0.1688648,0,0.09478256,2.015402,7.624013
2018/06/01-12:45:42.595,127.4943,126.7616,127.5993,1.777975,0,1.762562,0.1508129,0,0.2035658,-0.1692338,0,0.09561244,2.0155,7.624033
2018/06/01-12:45:43.767,127.4877,126.6787,127.5877,1.781293,0,1.765455,0.1512133,0,0.2038911,-0.1694276,0,0.09574005,2.015599,7.624054
2018/06/01-12:45:44.814,127.7026,126.7692,127.6038,1.776476,0,1.761,0.1511323,0,0.2035561,-0.1691885,0,0.09518201,2.015796,7.624095
2018/06/01-12:45:46.252,127.5807,126.7166,127.5103,1.768499,0,1.752674,0.1500455,0,0.2025426,-0.168504,0,0.09445391,2.015894,7.624115
2018/06/01-12:45:47.409,127.6749,126.7419,127.6077,1.762128,0,1.746354,0.1492803,0,0.2016717,-0.1683187,0,0.0948147,2.015991,7.624136
2018/06/01-12:45:48.596,127.6458,126.7777,127.5337,1.732422,0,1.717008,0.1464305,0,0.1987592,-0.1657088,0,0.09189906,2.016087,7.624156
2018/06/01-12:45:49.753,127.5545,126.6529,127.4363,1.72892,0,1.713092,0.1462197,0,0.1985687,-0.1650877,0,0.09071822,2.016183,7.624177
2018/06/01-12:45:50.815,127.7234,126.71,127.4921,1.731962,0,1.716474,0.1467949,0,0.1990059,-0.1654872,0,0.09102893,2.016375,7.624218
2018/06/01-12:45:52.253,127.5154,126.6964,127.4824,1.72516,0,1.709268,0.1456714,0,0.1981359,-0.1648422,0,0.09068234,2.016471,7.624239
2018/06/01-12:45:53.394,127.7294,126.6387,127.4653,1.728648,0,1.712916,0.1466113,0,0.1986937,-0.1650981,0,0.09050986,2.016567,7.624259
2018/06/01-12:45:54.597,127.5913,126.7302,127.5332,1.727727,0,1.712172,0.1460427,0,0.1986265,-0.165126,0,0.09070855,2.016662,7.62428
2018/06/01-12:45:55.753,127.5963,126.6154,127.4491,1.72757,0,1.7118,0.1462379,0,0.1986069,-0.1649381,0,0.0902902,2.016758,7.624301
2018/06/01-12:45:56.816,127.5979,126.6852,127.619,1.735394,0,1.719849,0.146895,0,0.1996178,-0.1656934,0,0.09124977,2.016951,7.624342
2018/06/01-12:45:58.238,127.5908,126.6353,127.4845,1.725692,0,1.709925,0.146141,0,0.1985337,-0.1646909,0,0.09001987,2.017046,7.624363
2018/06/01-12:45:59.394,127.5196,126.6132,127.6332,1.741351,0,1.725604,0.1475474,0,0.2004477,-0.1659481,0,0.09125934,2.017143,7.624383
2018/06/01-12:46:00.597,127.6117,126.7287,127.5447,1.743114,0,1.727524,0.1478644,0,0.2005682,-0.166182,0,0.09121744,2.01724,7.624404
2018/06/01-12:46:01.754,127.6101,126.7634,127.5482,1.739571,0,1.723782,0.1473491,0,0.1999206,-0.1660312,0,0.09150137,2.017338,7.624425
2018/06/01-12:46:02.817,127.673,126.8505,127.4327,1.752918,0,1.737329,0.148928,0,0.2013663,-0.1670541,0,0.09201267,2.017532,7.624467
2018/06/01-12:46:04.270,127.6864,126.7623,127.5278,1.776178,0,1.760177,0.1515474,0,0.2041871,-0.168727,0,0.09324773,2.017631,7.624487
2018/06/01-12:46:05.410,127.6453,126.708,127.5489,1.768395,0,1.752549,0.1506623,0,0.2034262,-0.1680884,0,0.09266045,2.017729,7.624508
2018/06/01-12:46:06.598,127.8218,126.7765,127.5723,1.759523,0,1.743831,0.1499919,0,0.202498,-0.1675855,0,0.09211442,2.017827,7.624529
2018/06/01-12:46:07.755,127.7899,126.6805,127.5909,1.755044,0,1.739232,0.1496111,0,0.2021868,-0.1670829,0,0.09145834,2.017926,7.62455
2018/06/01-12:46:08.801,127.5929,126.7743,127.6666,1.755746,0,1.740155,0.1489972,0,0.2021362,-0.1672875,0,0.09217312,2.018121,7.624592
2018/06/01-12:46:10.239,127.7941,126.6781,127.5096,1.746194,0,1.730343,0.148331,0,0.2007466,-0.1667193,0,0.0915464,2.018218,7.624613
2018/06/01-12:46:11.380,127.661,126.6494,127.5697,1.751593,0,1.735754,0.1489257,0,0.2016654,-0.1668012,0,0.09144463,2.018315,7.624634
2018/06/01-12:46:12.599,127.7264,126.7543,127.5813,1.757275,0,1.741579,0.1494665,0,0.20218,-0.1674447,0,0.09215694,2.018413,7.624655
2018/06/01-12:46:13.755,127.7314,126.6353,127.6002,1.75043,0,1.734387,0.1490482,0,0.2017055,-0.1666578,0,0.09106154,2.018509,7.624676
2018/06/01-12:46:14.818,127.6476,126.7809,127.4948,1.753594,0,1.737884,0.1489147,0,0.201629,-0.1671217,0,0.09186703,2.018704,7.624717
2018/06/01-12:46:16.271,127.7605,126.7167,127.5308,1.744972,0,1.729004,0.1483415,0,0.2008322,-0.1664222,0,0.09103425,2.018801,7.624738
2018/06/01-12:46:17.427,127.6584,126.7156,127.6655,1.77394,0,1.758053,0.151335,0,0.2045921,-0.1684669,0,0.09228563,2.0189,7.62476
2018/06/01-12:46:18.599,127.8172,126.8322,127.5915,1.783006,0,1.767296,0.1524812,0,0.2054274,-0.1693735,0,0.09298497,2.018999,7.624781
2018/06/01-12:46:19.756,127.7961,126.7512,127.5586,1.788084,0,1.772064,0.1530352,0,0.2059537,-0.169697,0,0.0931562,2.019099,7.624802
2018/06/01-12:46:20.818,127.7448,126.8277,127.5757,1.786538,0,1.770701,0.1527389,0,0.2058654,-0.1695746,0,0.09300281,2.019298,7.624845
2018/06/01-12:46:22.256,127.7274,126.7893,127.7536,1.763138,0,1.747266,0.1500695,0,0.2033077,-0.1679126,0,0.09215694,2.019396,7.624866
2018/06/01-12:46:23.412,127.8061,126.7286,127.7051,1.730232,0,1.71435,0.1468635,0,0.1996786,-0.1653221,0,0.08977397,2.019492,7.624887
2018/06/01-12:46:24.709,127.7835,126.714,127.5992,1.768755,0,1.752794,0.1508864,0,0.2038313,-0.1682774,0,0.09205655,2.019688,7.624928
2018/06/01-12:46:26.256,127.8198,126.6598,127.6719,1.773693,0,1.757778,0.151721,0,0.2047634,-0.1684624,0,0.09184685,2.019787,7.624949
2018/06/01-12:46:27.413,127.8699,126.854,127.6387,1.755525,0,1.740108,0.1493039,0,0.2022796,-0.1676278,0,0.09172607,2.019885,7.624971
2018/06/01-12:46:28.600,127.7627,126.6981,127.5064,1.745373,0,1.729514,0.148212,0,0.2009355,-0.1666113,0,0.0908615,2.019981,7.624992
